"","kw.statistic","p.value","pval.bh.adjusted"
"entorhinal.lh",6.45733363688112,0.0396102712861651,0.0481670181610257
"entorhinal.rh",6.06616152532729,0.0481670181610257,0.0481670181610257
