"","Sum Sq","Df","F value","Pr(>F)"
"diagnosis...1",139.969642857142,2,1.42132936567657,0.243360176245593
