"","x.statistic","p.value"
"entorhinal.lh",3.58187268247463,0.166803911142259
"entorhinal.rh",3.58187268247463,0.166803911142259
