"","wstatistic","pvalue","cohort"
"entorhinal.lh",0.926959527763315,0.0940243000065123,"MCI"
"entorhinal.rh",0.90721154534905,0.0356942358636447,"MCI"
