"","wstatistic","pvalue","cohort"
"entorhinal.lh",0.980463294151324,0.0496294139614715,"MCI"
"entorhinal.rh",0.97956582838458,0.0400836745015827,"MCI"
