"","wstatistic","pvalue","cohort"
"entorhinal.lh",0.954613223857671,0.00639023665648664,"CN"
"entorhinal.rh",0.960981010445405,0.0154407866723948,"CN"
