"","wstatistic","pvalue","cohort"
"entorhinal.lh",0.905544927984113,0.0613569190422839,"CN"
"entorhinal.rh",0.923632295796939,0.13210100703695,"CN"
