"","wstatistic","pvalue","cohort"
"entorhinal.lh",0.945373828813451,0.38756707107844,"MCI"
"entorhinal.rh",0.904359979531074,0.0803766363023544,"MCI"
