"","wstatistic","pvalue","cohort"
"entorhinal.lh",0.984898182783671,0.142768376148803,"MCI"
"entorhinal.rh",0.984898182783671,0.142768376148803,"MCI"
