"","wstatistic","pvalue","cohort"
"entorhinal.lh",0.859513005462249,0.000381919554918077,"AD"
"entorhinal.rh",0.859513005462249,0.000381919554918077,"AD"
