"","wstatistic","pvalue","cohort"
"entorhinal.lh",0.843064018220992,0.00323358564062759,"CN"
"entorhinal.rh",0.820494974276128,0.00137336965270409,"CN"
