"","wstatistic","pvalue","cohort"
"entorhinal.lh",0.978097754372846,0.69636899464166,"AD"
"entorhinal.rh",0.923724533258582,0.0182800058901267,"AD"
