"","wstatistic","pvalue","cohort"
"entorhinal.lh",0.968496472988037,0.0455319039355851,"CN"
"entorhinal.rh",0.968496472988037,0.0455319039355851,"CN"
